{
  "Simple_Linear_Regression": {
    "MAE": 0.5260563940436243,
    "MSE": 0.7235383731583297,
    "RMSE": 0.8506105884353484,
    "R2": 0.1507240705867382
  },
  "Multiple_Linear_Regression": {
    "MAE": 0.27047342883581127,
    "MSE": 0.1235175738658321,
    "RMSE": 0.35145067060091395,
    "R2": 0.4214559210476243
  },
  "Polynomial_Regression": {
    "MAE": 0.2851810946074317,
    "MSE": 0.1483940445909234,
    "RMSE": 0.38521947587177285,
    "R2": 0.304936996713288
  },
  "Logistic_Regression": {
    "Accuracy": 0.8617886178861789,
    "Precision": 0.84,
    "Recall": 0.9882352941176471,
    "F1_Score": 0.9081081081081082,
    "AUC": 0.8018575851393189,
    "Log_Loss": 0.40963148875479904,
    "Confusion_Matrix": [
      [
        22,
        16
      ],
      [
        1,
        84
      ]
    ]
  },
  "Naive_Bayes": {
    "Accuracy": 0.8455284552845529,
    "Precision": 0.8367346938775511,
    "Recall": 0.9647058823529412,
    "F1_Score": 0.8961748633879781,
    "AUC": 0.763157894736842,
    "Log_Loss": 0.7030135421186137,
    "Confusion_Matrix": [
      [
        22,
        16
      ],
      [
        3,
        82
      ]
    ]
  },
  "Decision_Tree": {
    "Accuracy": 0.7886178861788617,
    "Precision": 0.8105263157894737,
    "Recall": 0.9058823529411765,
    "F1_Score": 0.8555555555555555,
    "AUC": 0.7312693498452012,
    "Log_Loss": 5.417197522424633,
    "Confusion_Matrix": [
      [
        20,
        18
      ],
      [
        8,
        77
      ]
    ]
  },
  "SVM": {
    "Accuracy": 0.8536585365853658,
    "Precision": 0.8316831683168316,
    "Recall": 0.9882352941176471,
    "F1_Score": 0.9032258064516129,
    "AUC": 0.7953560371517029,
    "Log_Loss": 0.4193256054980399,
    "Confusion_Matrix": [
      [
        21,
        17
      ],
      [
        1,
        84
      ]
    ]
  },
  "KNN": {
    "Accuracy": 0.8455284552845529,
    "Precision": 0.8367346938775511,
    "Recall": 0.9647058823529412,
    "F1_Score": 0.8961748633879781,
    "AUC": 0.7791021671826625,
    "Log_Loss": 2.6005575759067545,
    "Confusion_Matrix": [
      [
        22,
        16
      ],
      [
        3,
        82
      ]
    ]
  },
  "Random_Forest": {
    "Accuracy": 0.8455284552845529,
    "Precision": 0.84375,
    "Recall": 0.9529411764705882,
    "F1_Score": 0.8950276243093923,
    "AUC": 0.7953560371517028,
    "Log_Loss": 0.46096882573269077,
    "Confusion_Matrix": [
      [
        23,
        15
      ],
      [
        4,
        81
      ]
    ]
  },
  "Bagging": {
    "Accuracy": 0.7804878048780488,
    "Precision": 0.8372093023255814,
    "Recall": 0.8470588235294118,
    "F1_Score": 0.8421052631578947,
    "AUC": 0.8040247678018576,
    "Log_Loss": 1.2586626953922182,
    "Confusion_Matrix": [
      [
        24,
        14
      ],
      [
        13,
        72
      ]
    ]
  },
  "AdaBoost": {
    "Accuracy": 0.8536585365853658,
    "Precision": 0.8383838383838383,
    "Recall": 0.9764705882352941,
    "F1_Score": 0.9021739130434783,
    "AUC": 0.8054179566563466,
    "Log_Loss": 0.5638158833152286,
    "Confusion_Matrix": [
      [
        22,
        16
      ],
      [
        2,
        83
      ]
    ]
  },
  "K_Means": {
    "Silhouette_Score": 0.1541297479973747,
    "Clusters": 2
  },
  "Hierarchical_Clustering": {
    "Silhouette_Score": 0.6448716844372725,
    "Clusters": 2
  },
  "PCA_Random_Forest": {
    "Accuracy": 0.8048780487804879,
    "Components": 10
  },
  "CV_Results": {
    "Logistic_Regression": {
      "Mean_Accuracy": 0.7962894248608534,
      "Std_Accuracy": 0.05892867638620646
    },
    "Random_Forest": {
      "Mean_Accuracy": 0.7820449391877963,
      "Std_Accuracy": 0.053956016281284026
    },
    "SVM": {
      "Mean_Accuracy": 0.798330241187384,
      "Std_Accuracy": 0.06214964135340506
    },
    "Decision_Tree": {
      "Mean_Accuracy": 0.7290661719233148,
      "Std_Accuracy": 0.05409272540670704
    }
  },
  "LOO_CV": {
    "Mean_Accuracy": 0.66
  }
}